<?xml version="1.0" encoding="UTF-8" standalone="yes"?>
<addon id="screensaver.alarmclock"
       name="Alarm clock screensaver"
       version="0.0.2"
       provider-name="Ferengee">
  <requires>
    <import addon="xbmc.python" version="2.1.0"/>
  </requires>
  <extension point="xbmc.ui.screensaver"
             library="default.py"/>
  <extension point="xbmc.python.script"
             library="default.py"/>
  <extension point="xbmc.service"
             library="service.py" start="[login|startup]">
  </extension>
  <extension point="xbmc.addon.metadata">
    <summary lang="en">A very simple alarm clock</summary>
    <description lang="en">A very simple alarm clock</description>
    <platform>all</platform>
  </extension>
</addon>
