<?xml version="1.0" encoding="UTF-8"?>
<addon
  id="webinterface.alarmclock"
  version="2.1.7"
  name="Alarm Clock"
  provider-name="Ferengee">
  <requires>
    <import addon="xbmc.gui" version="4.0.0"/>
    <import addon="xbmc.json" version="6.0.0"/>
    <import addon="xbmc.python" version="2.1.0"/>
  </requires>
  <extension point="xbmc.python.script"
             library="serverside.py"/>
  <extension
    point="xbmc.gui.webinterface"/>
  <extension point="xbmc.addon.metadata">
    <summary lang="en">A very simple alarm clock's webinterface</summary>
    <description lang="en">A very simple alarm clock's webinterface</description>
    <platform>all</platform>
  </extension>
</addon>
